evidence_id,market,source_period,source_url,traveler_context,job_stage,barrier,observed_workaround,observed_consequence,decision_change_evidence,strength,confidence
C01,China,2026-07,https://www.reddit.com/r/travelchina/comments/1ud8fke/what_tools_and_apps_to_plan_china_itinerary/,First-time traveler actively organizing a China itinerary,resolve|save,"Google Maps lacks considered places and English names often fail in AMap","Community recommends separate AMap/Baidu for navigation, Dianping/Meituan for discovery, Xiaohongshu for tips, or copying an address from Google","The traveler cannot reproduce their normal see-nearby-and-plan-days workflow",no,2,high
C02,China,2026-03,https://www.reddit.com/r/chinatravel/comments/1rt3vtw/the_copypaste_struggle_is_ruining_my_china_trip/,Traveler researching a trip departing in days,resolve|save,"Recommendations from blogs, Reddit, and TripAdvisor cannot be transferred reliably into AMap or Apple Maps; Chinese text may be unselectable and English search returns nothing","Asks for a middleman that returns a clean Chinese address; thread suggests Trip.com handoff or screenshot OCR","Reports losing spontaneity and later accepts pre-planning in Trip.com",indirect,3,high
C03,China,2026-03,https://www.reddit.com/r/chinatravel/comments/1rt3vtw/the_copypaste_struggle_is_ruining_my_china_trip/,Traveler planning Shanghai from the Netherlands,resolve,"AMap searches around the traveler's current country instead of the destination city","Moves the map to the destination city first and retries after arrival","Planning remained unreliable before arrival but the same search worked in Shanghai",no,3,high
C04,China,2026-03,https://www.reddit.com/r/chinatravel/comments/1rt3vtw/the_copypaste_struggle_is_ruining_my_china_trip/,China resident and travelers responding to unselectable Chinese text,interpret|resolve,"Dianping and some sites do not expose copyable Chinese text","Take screenshots and run WeChat, Google Translate, or phone OCR before pasting into a map","Adds an image-to-text step before a place can be searched or saved",no,3,high
C05,China,2026-02,https://www.reddit.com/r/travelchina/comments/1r787pm/i_grew_up_between_china_and_the_uk_i_interviewed/,Secondary report of interviews with foreign residents and travelers,discover|route,"The English-friendly map has less complete local data; Dianping has stronger restaurant data but an inaccessible Chinese interface","One interviewee chooses Apple Maps for English usability; another knows the better recommendations are in Dianping but cannot access them","Users knowingly accept a weaker information set or stop at the discovery boundary",indirect,2,medium
C06,China,2025-05,https://www.reddit.com/r/travelchina/comments/1khqf11/best_navigation_app_for_chinatravel/,Traveler comparing China navigation products,discover|interpret,"AMap's English mode removes business-listing detail and Dianping's English shell leaves listings in Chinese","Keeps separate map and restaurant-discovery tools","Localization of navigation does not expose the local discovery corpus",no,2,medium
C07,China,2024-04,https://www.reddit.com/r/travelchina/comments/1c84blk/map_apps_in_china/,Android traveler seeking routing and restaurant recommendations,discover|route,"Baidu is difficult to use in Chinese and may require phone registration; Maps.me routes but lacks useful POI and transit data","Uses Maps.me for routing and Dianping for restaurants despite language and phone friction","No single usable product covers discovery and execution",no,2,medium
C08,China,2026-01,https://www.reddit.com/r/chinatravel/comments/1q9qwko/how_to_plan_self_guided_trips_to_china/,Traveler asking how to self-guide in China,discover|resolve|route,"Recommendations and navigation live in different products and English identities are unreliable","Pairs Dianping with AMap and keeps Chinese names, screenshots, and offline fallbacks","The workaround is a prepared bilingual packet rather than a normal saved map",no,2,medium
K01,South Korea,2025-03,https://www.reddit.com/r/koreatravel/comments/1j7ilew/advice_on_how_to_use_naver_maps_efficiently/,Traveler mapping a Seoul trip,resolve|save,"Naver finds pasted Korean store names but struggles with English names and some full addresses","Find on Google, copy the Korean name, delete the English portion, paste into Naver, and bookmark","A place needs identity repair before it can enter the usable map",no,3,high
K02,South Korea,2025-03,https://www.reddit.com/r/koreatravel/comments/1j7ilew/advice_on_how_to_use_naver_maps_efficiently/,Traveler who pre-mapped three trips across seven Korean areas,save|route,"English identity and reliable routing are split across Google, Apple, Naver, and Kakao","Prepares Naver favorites on desktop, copies from Apple or Google, adds Kakao English nicknames, and keeps Kakao as a fallback","The traveler maintains parallel provider records so the plan can be reopened and routed",no,3,high
K03,South Korea,2025-06,https://www.reddit.com/r/koreatravel/comments/1lmbdig/naver_website_in_english_translate_function_or/,Traveler planning on a laptop before departure,interpret|save,"Naver desktop lacks a native English locale and menu or stop translations are incomplete","Uses browser translation, gives every favorite an English nickname, and changes address order or removes commas","Planning and in-trip recognition require manual annotations",no,3,high
K04,South Korea,2025-04,https://www.reddit.com/r/koreatravel/comments/1jrztry/easiest_way_to_copy_the_korean_names_and/,Traveler with English bookmarks trying to use Kakao T and local maps,resolve|route,"The English bookmark does not expose an easily copyable Korean name or address","Finds the place in Google, opens the Korean rendering, and copies that into Naver or Kakao","A saved place is not yet a routable local identity",no,3,high
K05,South Korea,2024-04,https://www.reddit.com/r/koreatravel/comments/1bxnx1j,Detail-oriented traveler pre-planning routes between hotels and stations,save|route,"Google-backed itinerary tools contain obscure places but cannot provide dependable Korean routing","Keeps the itinerary in Wanderlog and uses Naver to verify Korean names, addresses, distance, and journey duration","The plan is deliberately split between a planning system and an execution system",no,3,medium
K06,South Korea,2025-09,https://www.reddit.com/r/Living_in_Korea/comments/1nhehlb/english_naver_maps/,Naver user with English mode enabled,save|reopen,"English names disappear or behave inconsistently after places are added to a list","Renames bookmarked locations or adds English nicknames","The saved collection becomes difficult to recognize without manual repair",no,2,medium
K07,South Korea,2026-07,https://www.reddit.com/r/koreatravel/comments/1upgh09/where_to_start_with_itinerary_what_places_to/,Traveler building a South Korea itinerary,discover|resolve,"Google may show very few reviews where Naver has thousands; English Naver or Kakao searches often return nothing","Copies Hangul from Google into local apps and attempts Naver account verification","Local evidence volume is visible but access and identity resolution remain gated",no,2,medium
J01,Japan,2024-05,https://www.reddit.com/r/JapanTravelTips/comments/1cuqt4j/google_maps_the_best_way_to_research_restaurants/,Traveler researching restaurants and a resident responding,discover|resolve,"Google search works across languages but its ratings skew higher and toward foreign visitors","Finds the place in Google Maps and cross-checks Tabelog or Japanese-language food blogs","Local-source access changes evaluation more than map identity",indirect,3,high
J02,Japan,2024-05,https://www.reddit.com/r/JapanTravelTips/comments/1cuqt4j/google_maps_the_best_way_to_research_restaurants/,Traveler attempting to use Tabelog,discover|interpret,"Area search in Tabelog requires Japanese","Reports little success and falls back to other tools","The local discovery source can be abandoned even though the map remains usable",indirect,3,high
J03,Japan,2025-04,https://www.reddit.com/r/JapanTravelTips/comments/1ju4ust/how_well_does_google_work_for_restaurant/,Traveler evaluating an expensive Asakusa restaurant,discover,"Google showed unusually high English-only ratings while Tabelog had sparse and conflicting local reviews","Checks both ecosystems and treats the mismatch as a tourist-trap warning","The local-source comparison reverses the assessment of a candidate restaurant",yes,3,high
J04,Japan,2025-04,https://www.reddit.com/r/JapanTravelTips/comments/1ju4ust/how_well_does_google_work_for_restaurant/,Travelers comparing Google Maps and Tabelog,resolve|route,"Japanese queries improve discovery and ratings need cultural interpretation","Use Tabelog for judgment but Google Maps for nearby search and execution","Unlike China and Korea, the traveler-facing map remains a viable execution layer",counterexample,3,high
J05,Japan,2026-04,https://www.reddit.com/r/JapanTravelTips/comments/1sfnfcg/how_do_you_usually_decide_where_to_eat_when/,First-time visitor departing the following week,discover|transact,"Wants restaurants valued by Japanese diners rather than tourist-facing ratings","Sorts Tabelog by rating and books four restaurants above 4 stars while arranging a fifth","Local-source access directly determines multiple bookings",yes,3,high
J06,Japan,2026-04,https://www.reddit.com/r/JapanTravelTips/comments/1sfnfcg/how_do_you_usually_decide_where_to_eat_when/,Repeat traveler describing everyday restaurant choice,discover|save,"Short-form recommendations arrive outside the planning map","Forwards TikTok suggestions to Mio, which plots them, then chooses day by day","Video-to-map is useful but already served generically; this is not proof of a local-language wedge",indirect,2,medium
J07,Japan,2025-10,https://www.reddit.com/r/JapanTravelTips/comments/1o2vptk/how_do_locals_usually_make_restaurant/,Traveler trying to reserve locally recommended restaurants,transact,"Many restaurants do not accept Google or foreign booking tools and Japanese phone calls are difficult","Uses hotel staff or concierge to call; locals cite direct calls and domestic services","A correctly discovered and mapped place can still fail at the transaction layer",yes,3,high
J08,Japan,2024-03,https://www.reddit.com/r/JapanTravelTips/comments/1b728t2,Traveler selected a Kyoto restaurant from Tabelog,interpret|visit,"The listing did not make a Japanese-speaker-only policy apparent","Waited for opening and attempted the visit","Was refused after a 40-minute wait and ate at a convenience store instead",yes,3,medium
