language,discovery_layer,rank,place_original,place_english,source,source_url,granularity,map_readiness,context_depth,overlaps_english_set,review_note
English,traveler_web,1,Changning,Changning District,Go2China,https://go2-china.com/blog/shanghai-beyond-the-bund-local-guide/,district,0,1,1,"Broad residential district; no grounded route or pin"
English,traveler_web,2,Jing'an,Jing'an,Go2China,https://go2-china.com/blog/shanghai-beyond-the-bund-locals-guide/,district,0,1,1,"Broad neighborhood framed as authentic"
English,traveler_web,3,Tianzifang,Tianzifang,TravelChinaGuide,https://www.travelchinaguide.com/package/non-touristy-things-to-do-in-shanghai.htm,attraction,2,1,1,"Unambiguous attraction, but already tourist-facing"
English,traveler_web,4,Huangpu,Huangpu District,Go2China,https://go2-china.com/blog/shanghai-beyond-the-bund-local-guide/,district,0,1,1,"Broad district; source mentions unnamed music and food venues"
English,traveler_web,5,North Bund,North Bund,Baba Goes China,https://www.babagoeschina.com/shanghai-things-to-do/,area,1,2,1,"Usable area for a skyline walk, not a single pin"
English,traveler_web,6,Wukang Road,Wukang Road,Baba Goes China,https://www.babagoeschina.com/shanghai-things-to-do/,street,1,2,1,"Recognizable architecture walk, but without route endpoints"
English,traveler_web,7,West Bund,West Bund,Reddit,https://www.reddit.com/r/travelchina/comments/1u05hlv/second_trip_to_shanghai_what_are_the_hidden_gems/,area,1,2,1,"Good riverside use case, but broad"
English,traveler_web,8,Zhujiajiao Ancient Town,Zhujiajiao Ancient Town,Reddit,https://www.reddit.com/r/travelchina/comments/1u05hlv/second_trip_to_shanghai_what_are_the_hidden_gems/,attraction,2,1,1,"Unambiguous day-trip destination"
English,traveler_web,9,Dianshan Lake Cycling Loop,Dianshan Lake Cycling Loop,Reddit,https://www.reddit.com/r/travelchina/comments/1u05hlv/second_trip_to_shanghai_what_are_the_hidden_gems/,route,1,2,1,"Decision-changing idea, but endpoints and operator are absent"
English,traveler_web,10,Xisha Wetland Park,Xisha Wetland Park,Reddit,https://www.reddit.com/r/travelchina/comments/1u05hlv/second_trip_to_shanghai_what_are_the_hidden_gems/,attraction,2,2,1,"Specific Chongming destination"
Chinese,local_language_web,1,衡山路（天平路-桃江路）,Hengshan Road: Tianping Road to Taojiang Road,Shanghai BendiBao,https://sh.bendibao.com/tour/20231120/279779.shtm,street_segment,2,2,0,"Grounded walk segment with seasonal reason"
Chinese,local_language_web,2,霍山路,Huoshan Road,Shanghai BendiBao,https://sh.bendibao.com/tour/20231120/279779.shtm,street,1,1,0,"Historic buildings and former residences; needs endpoints"
Chinese,local_language_web,3,愚园路（定西路-乌鲁木齐北路）,Yuyuan Road: Dingxi Road to North Urumqi Road,Shanghai BendiBao,https://sh.bendibao.com/tour/20231120/279779.shtm,street_segment,2,2,0,"Exact walk segment with food and retail context"
Chinese,local_language_web,4,康平路（华山路-高安路）,Kangping Road: Huashan Road to Gao'an Road,Shanghai BendiBao,https://sh.bendibao.com/tour/20231120/279779.shtm,street_segment,2,2,0,"Exact residential architecture walk"
Chinese,local_language_web,5,思南路（淮海中路-建国中路）,Sinan Road: Middle Huaihai Road to Middle Jianguo Road,Shanghai BendiBao,https://sh.bendibao.com/tour/20231120/279779.shtm,street_segment,2,2,0,"Exact segment with old-house and contemporary-shop contrast"
Chinese,local_language_web,6,杨树浦驿站秦皇岛路码头党群服务站,Yangshupu Station at Qinhuangdao Road Wharf,Official Shanghai Travel,https://www.meet-in-shanghai.net/cn/news/in-yangpu-riverside-feel-the-warmth-of-the-peoples-city-a-great-place-to-visit-on-your-doorstep-the-citywalk-line-034188/,venue,2,2,0,"Exact venue and address in a resident-oriented river route"
Chinese,local_language_web,7,绿之丘,Green Hill,Official Shanghai Travel,https://www.meet-in-shanghai.net/cn/news/in-yangpu-riverside-feel-the-warmth-of-the-peoples-city-a-great-place-to-visit-on-your-doorstep-the-citywalk-line-034188/,venue,2,2,0,"Industrial heritage stop in a sequenced route"
Chinese,local_language_web,8,皂梦空间,Soap Dream Space,Official Shanghai Travel,https://www.meet-in-shanghai.net/cn/news/in-yangpu-riverside-feel-the-warmth-of-the-peoples-city-a-great-place-to-visit-on-your-doorstep-the-citywalk-line-034188/,venue,2,2,0,"Micro-POI largely absent from the English set"
Chinese,local_language_web,9,杨树浦电厂遗迹公园,Yangshupu Power Plant Relic Park,Official Shanghai Travel,https://www.meet-in-shanghai.net/cn/news/in-yangpu-riverside-feel-the-warmth-of-the-peoples-city-a-great-place-to-visit-on-your-doorstep-the-citywalk-line-034188/,attraction,2,2,0,"Specific industrial-heritage park in a usable route"
Chinese,local_language_web,10,复兴岛公园,Fuxing Island Park,Official Shanghai Travel,https://www.meet-in-shanghai.net/cn/news/in-yangpu-riverside-feel-the-warmth-of-the-peoples-city-a-great-place-to-visit-on-your-doorstep-the-citywalk-line-034188/,attraction,2,2,0,"Specific island park framed as a final route stop"
Korean,bridge_language_web,1,샨캉리,Shankangli,Triple,https://triple.guide/articles/74e6e787-8383-400c-bd5c-2c6cdac73ec3,venue,1,2,0,"Specific current venue, but Chinese provider identity is not exposed in the Korean card"
Korean,bridge_language_web,2,게이트 엠 웨스트 번드 드림 센터,Gate M West Bund Dream Center,Triple,https://triple.guide/articles/74e6e787-8383-400c-bd5c-2c6cdac73ec3,venue,1,2,1,"Current development sourced partly from Xiaohongshu; provider identity still needs resolution"
Korean,bridge_language_web,3,엑스씨 얼치산,XC273,Triple,https://triple.guide/articles/74e6e787-8383-400c-bd5c-2c6cdac73ec3,venue,1,2,0,"Novel converted-factory retail venue; transliteration creates a map handoff risk"
Korean,bridge_language_web,4,ICCF 가든,ICCF Garden,Triple,https://triple.guide/articles/74e6e787-8383-400c-bd5c-2c6cdac73ec3,venue,1,2,0,"Exact editorial concept, but local listing identity is absent"
Korean,bridge_language_web,5,컬럼비아 써클,Columbia Circle,Triple,https://triple.guide/articles/74e6e787-8383-400c-bd5c-2c6cdac73ec3,venue,1,2,0,"Specific complex; Korean-to-Chinese alias resolution is still required"
Korean,bridge_language_web,6,武康大楼,Wukang Mansion,BLSG Life in Shanghai,https://blsg.tistory.com/79,attraction,2,2,1,"Bilingual identity is recoverable and starts a grounded route"
Korean,bridge_language_web,7,安福路,Anfu Road,BLSG Life in Shanghai,https://blsg.tistory.com/79,street,1,2,0,"Part of a Dianping-derived 2.4 km route"
Korean,bridge_language_web,8,西岸艺术中心,West Bund Art Center,BLSG Life in Shanghai,https://blsg.tistory.com/79,venue,2,2,1,"Specific venue inside an English recommendation's broad West Bund area"
Korean,bridge_language_web,9,蟠龙天地,Panlong Tiandi,BLSG Life in Shanghai,https://blsg.tistory.com/79,attraction,2,2,0,"Named suburban destination surfaced as a related local-resident recommendation"
Korean,bridge_language_web,10,沪西老弄堂面馆,Huxi Old Lane Noodle Restaurant,BLSG Life in Shanghai,https://blsg.tistory.com/79,restaurant,1,2,0,"Exact local name is present but the branch is not yet grounded"
