set,candidate_id,name,original_name,source_ecosystem,source_url,specificity,map_readiness,context_depth,overlaps_other_set,provider_state,notes
english,bukchon-hanok-village,Bukchon Hanok Village,북촌한옥마을,English traveler editorial,https://www.lonelyplanet.com/articles/best-neighborhoods-in-seoul,neighborhood,1,1,no,not-audited,"Specific neighborhood; route and resident-sensitive access rules omitted"
english,yeonnam-dong,Yeonnam-dong,연남동,English traveler editorial,https://www.lonelyplanet.com/articles/best-neighborhoods-in-seoul,neighborhood,0,1,no,not-audited,"Broad neighborhood direction"
english,euljiro,Euljiro,을지로,English traveler editorial,https://www.lonelyplanet.com/articles/best-neighborhoods-in-seoul,district,0,1,no,not-audited,"Venue and late-night route unspecified"
english,seongsu-dong,Seongsu-dong,성수동,English traveler editorial,https://www.lonelyplanet.com/articles/best-neighborhoods-in-seoul,neighborhood,0,1,no,not-audited,"Current venue evidence changes quickly"
english,seongbuk-dong,Seongbuk-dong,성북동,English traveler editorial,https://www.lonelyplanet.com/articles/best-neighborhoods-in-seoul,neighborhood,0,1,yes,not-audited,"Korean set turns the same area into a cultural sequence"
english,mangwon-market,Mangwon Market,망원시장,English community web,https://www.reddit.com/r/koreatravel/comments/1pw3piz/stop_saying_seoul_has_no_soul_after_visiting_only/,venue,1,2,yes,not-audited,"Korean set connects the market to a two-kilometre park walk"
english,naksan-park,Naksan Park,낙산공원,English community web,https://www.reddit.com/r/koreatravel/comments/1pw3piz/stop_saying_seoul_has_no_soul_after_visiting_only/,venue,1,1,no,not-audited,"Park is specific but walking endpoints are missing"
english,banpo-hangang-park,Banpo Hangang Park,반포한강공원,English community web,https://www.reddit.com/r/koreatravel/comments/1pw3piz/stop_saying_seoul_has_no_soul_after_visiting_only/,venue,1,2,no,not-audited,"Large park; arrival point and seasonal schedule remain open"
korean,hongjerak-baeksasil,Follow Hongjerak-gil into Baeksasil Valley,홍제락길—세검정—신영교—백사실계곡,Korean citizen-reporter civic editorial,https://mediahub.seoul.go.kr/archives/2015256,bounded-route,2,2,no,probable,"Entrance cue and conservation restrictions preserved"
korean,seonyudo-mangwon,Cross from Seonyudo Park to Mangwon Market,선유도공원—양화대교—망원시장,Korean citizen-reporter civic editorial,https://mediahub.seoul.go.kr/archives/2018289,bounded-route,2,2,yes,probable,"Roughly two-kilometre park-to-market sequence"
korean,seoul-forest-eungbongsan,Walk from Seoul Forest to Eungbongsan,서울숲—서울숲생태숲—용비교—응봉산,Korean citizen-reporter civic editorial,https://mediahub.seoul.go.kr/archives/2013608,bounded-route,2,2,no,probable,"Thirty-minute connection and late-March seasonal condition"
korean,maebongsan-culture-tank,Read Maebongsan through a pavilion forge and oil tanks,담소정—풀무골 대장간—문화비축기지,Korean citizen-reporter civic editorial,https://mediahub.seoul.go.kr/archives/2017907,sequence,2,2,no,probable,"Links accessible forest path local history and industrial reuse"
korean,mangwoo-history-park,Walk modern Korean history at Mangwoo,망우역사문화공원,Korean citizen-reporter civic editorial,https://mediahub.seoul.go.kr/archives/2017176,venue,1,2,no,probable,"Adds stroller older-companion and no-reservation context"
korean,mullae-art-card,Use Mullae's art cards to notice the working alleys,문래 아트카드 플레이투어,Korean citizen-reporter civic editorial,https://mediahub.seoul.go.kr/archives/2017973,program,0,2,no,unresolved,"No stable pickup point or bounded route; must not become a false pin"
korean,seongbuk-cultural-walk,Sequence Seongbuk-dong's cultural houses,길상사—심우장—이종석 별장—최순우 옛집,Korean citizen-reporter civic editorial,https://mediahub.seoul.go.kr/archives/1257000,bounded-route,2,2,yes,probable,"Source is from 2019 so current opening access must be rechecked"
korean,gyeongchun-forest-segment,Choose one usable section of the Gyeongchun Line Forest,공릉역—경춘선 공릉숲길—공릉동 도깨비시장,Korean citizen-reporter civic editorial,https://mediahub.seoul.go.kr/archives/2011163,bounded-route,2,2,no,probable,"Uses a station-to-market segment instead of a six-kilometre attraction pin"
